Model,CV_Mean_Accuracy,CV_Std
Random Forest,0.9970479302832244,0.003615573270739589
Decision Tree,0.994074074074074,0.007257747386024241
XGBoost,0.9896840958605665,0.007490055396443925
Logistic Regression,0.9896732026143791,0.0058660510009029936
Support Vector Machine,0.9896732026143791,0.0058660510009029936
Gradient Boosting,0.9793464052287583,0.008548970749106958
K-Nearest Neighbors,0.9793355119825708,0.00975013081726659
